id,n_days,age,sex,bilirubin,cholesterol,albumin,copper,alk_phos,sgot,triglicerides,platelets,prothrombin,cirrosis_stage,Cholesterol_NA,Copper_NA,Alk_Phos_NA,age_years,status_C,status_CL,status_D,drug_D-penicillamine,drug_Placebo,drug_Unknown,ascites_N,ascites_Unknown,ascites_Y,hepatomegaly_N,hepatomegaly_Unknown,hepatomegaly_Y,spiders_N,spiders_Unknown,spiders_Y,edema_N,edema_S,edema_Y
1,400,58,0,14.5,261.0,2.6,156.0,1718.0,0,0,190.0,12.2,4.0,0,0,0,58,0,0,1,1,0,0,0,0,1,0,0,1,0,0,1,0,0,1
2,4500,56,0,1.1,302.0,4.14,54.0,7394.8,0,0,221.0,10.6,3.0,0,0,0,56,1,0,0,1,0,0,1,0,0,0,0,1,0,0,1,1,0,0
3,1012,70,1,1.4,176.0,3.48,210.0,516.0,0,0,151.0,12.0,4.0,0,0,0,70,0,0,1,1,0,0,1,0,0,1,0,0,1,0,0,0,1,0
4,1925,54,0,1.8,244.0,2.54,64.0,6121.8,0,0,183.0,10.3,4.0,0,0,0,54,0,0,1,1,0,0,1,0,0,0,0,1,0,0,1,0,1,0
5,1504,38,0,3.4,279.0,3.53,143.0,671.0,0,0,136.0,10.9,3.0,0,0,0,38,0,1,0,0,1,0,1,0,0,0,0,1,0,0,1,1,0,0
6,2503,66,0,0.8,248.0,3.98,50.0,944.0,0,0,1259.0,11.0,3.0,0,0,0,66,0,0,1,0,1,0,1,0,0,0,0,1,1,0,0,1,0,0
7,1832,55,0,1.0,322.0,4.09,52.0,824.0,0,0,204.0,9.7,3.0,0,0,0,55,1,0,0,0,1,0,1,0,0,0,0,1,1,0,0,1,0,0
8,2466,53,0,0.3,280.0,4.0,52.0,4651.2,0,0,373.0,11.0,3.0,0,0,0,53,0,0,1,0,1,0,1,0,0,1,0,0,1,0,0,1,0,0
9,2400,42,0,3.2,562.0,3.08,79.0,2276.0,0,0,251.0,11.0,2.0,0,0,0,42,0,0,1,1,0,0,1,0,0,1,0,0,0,0,1,1,0,0
10,51,70,0,12.6,200.0,2.74,140.0,918.0,0,0,302.0,11.5,4.0,0,0,0,70,0,0,1,0,1,0,0,0,1,1,0,0,0,0,1,0,0,1
11,3762,53,0,1.4,259.0,4.16,46.0,1104.0,0,0,258.0,12.0,4.0,0,0,0,53,0,0,1,0,1,0,1,0,0,0,0,1,0,0,1,1,0,0
12,304,59,0,3.6,236.0,3.52,94.0,591.0,0,0,71.0,13.6,4.0,0,0,0,59,0,0,1,0,1,0,1,0,0,1,0,0,0,0,1,1,0,0
13,3577,45,0,0.7,281.0,3.85,40.0,1181.0,0,0,244.0,10.6,3.0,0,0,0,45,1,0,0,0,1,0,1,0,0,1,0,0,1,0,0,1,0,0
14,1217,56,1,0.8,309.5,2.27,43.0,728.0,0,0,156.0,11.0,4.0,0,0,0,56,0,0,1,0,1,0,0,0,1,0,0,1,1,0,0,0,0,1
15,3584,64,0,0.8,231.0,3.87,173.0,9009.8,0,0,295.0,11.0,3.0,0,0,0,64,0,0,1,1,0,0,1,0,0,1,0,0,1,0,0,1,0,0
16,3672,40,0,0.7,204.0,3.66,28.0,685.0,0,0,198.0,10.8,3.0,0,0,0,40,1,0,0,0,1,0,1,0,0,1,0,0,1,0,0,1,0,0
17,769,52,0,2.7,274.0,3.15,159.0,1533.0,0,0,224.0,10.5,4.0,0,0,0,52,0,0,1,0,1,0,1,0,0,0,0,1,1,0,0,1,0,0
18,131,53,0,11.4,178.0,2.8,588.0,961.0,0,0,283.0,12.4,4.0,0,0,0,53,0,0,1,1,0,0,1,0,0,0,0,1,0,0,1,0,0,1
19,4232,49,0,0.7,235.0,3.56,39.0,1881.0,0,0,209.0,11.0,3.0,0,0,0,49,1,0,0,1,0,0,1,0,0,0,0,1,1,0,0,0,1,0
20,1356,59,0,5.1,374.0,3.51,140.0,1919.0,0,0,322.0,13.0,4.0,0,0,0,59,0,0,1,0,1,0,1,0,0,0,0,1,1,0,0,1,0,0
21,3445,64,1,0.6,252.0,3.83,41.0,843.0,0,0,336.0,11.4,4.0,0,0,0,64,1,0,0,0,1,0,1,0,0,0,0,1,0,0,1,1,0,0
22,673,56,0,3.4,271.0,3.63,464.0,1376.0,0,0,173.0,11.6,4.0,0,0,0,56,0,0,1,1,0,0,1,0,0,1,0,0,0,0,1,1,0,0
23,264,56,0,17.4,395.0,2.94,558.0,6064.8,0,0,214.0,11.7,4.0,0,0,0,56,0,0,1,0,1,0,0,0,1,0,0,1,0,0,1,0,0,1
24,4079,44,1,2.1,456.0,4.0,124.0,5719.0,0,0,70.0,9.9,2.0,0,0,0,44,0,0,1,1,0,0,1,0,0,0,0,1,1,0,0,1,0,0
25,4127,45,0,0.7,298.0,4.1,40.0,661.0,0,0,324.0,11.3,2.0,0,0,0,45,1,0,0,0,1,0,1,0,0,1,0,0,1,0,0,1,0,0
26,1444,52,0,5.2,1128.0,3.68,53.0,3228.0,0,0,421.0,9.9,3.0,0,0,0,52,0,0,1,0,1,0,1,0,0,0,0,1,0,0,1,1,0,0
27,77,54,0,21.6,175.0,3.31,221.0,3697.4,0,0,80.0,12.0,4.0,0,0,0,54,0,0,1,0,1,0,0,0,1,0,0,1,0,0,1,0,1,0
28,549,44,0,17.2,222.0,3.23,209.0,1975.0,0,0,144.0,13.0,4.0,0,0,0,44,0,0,1,0,1,0,0,0,1,0,0,1,0,0,1,0,0,1
29,4509,63,0,0.7,370.0,3.78,24.0,5833.0,0,0,390.0,10.6,2.0,0,0,0,63,1,0,0,0,1,0,1,0,0,1,0,0,1,0,0,1,0,0
30,321,41,0,3.6,260.0,2.54,172.0,7277.0,0,0,124.0,11.0,4.0,0,0,0,41,0,0,1,0,1,0,1,0,0,0,0,1,0,0,1,1,0,0
31,3839,41,0,4.7,296.0,3.44,114.0,9933.2,0,0,195.0,10.3,2.0,0,0,0,41,0,0,1,0,1,0,1,0,0,0,0,1,1,0,0,1,0,0
32,4523,54,0,1.8,262.0,3.34,101.0,7277.0,0,0,286.0,10.6,4.0,0,0,0,54,1,0,0,0,1,0,1,0,0,0,0,1,1,0,0,1,0,0
33,3170,51,0,0.8,210.0,3.19,82.0,1592.0,0,0,180.0,12.0,3.0,0,0,0,51,0,0,1,0,1,0,1,0,0,1,0,0,1,0,0,1,0,0
34,3933,52,0,0.8,364.0,3.7,37.0,1840.0,0,0,273.0,10.5,2.0,0,0,0,52,1,0,0,1,0,0,1,0,0,1,0,0,1,0,0,1,0,0
35,2847,48,0,1.2,314.0,3.2,201.0,12258.8,0,0,431.0,10.6,3.0,0,0,0,48,0,0,1,0,1,0,1,0,0,1,0,0,1,0,0,1,0,0
36,3611,56,0,0.3,172.0,3.39,18.0,558.0,0,0,311.0,10.6,2.0,0,0,0,56,1,0,0,0,1,0,1,0,0,1,0,0,1,0,0,1,0,0
37,223,61,0,7.1,334.0,3.01,150.0,6931.2,0,0,102.0,12.0,4.0,0,0,0,61,0,0,1,1,0,0,0,0,1,0,0,1,1,0,0,0,0,1
38,3244,36,0,3.3,383.0,3.53,102.0,1234.0,0,0,234.0,11.0,4.0,0,0,0,36,0,0,1,0,1,0,1,0,0,0,0,1,0,0,1,1,0,0
39,2297,55,0,0.7,282.0,3.0,52.0,9066.8,0,0,563.0,10.6,4.0,0,0,0,55,0,0,1,1,0,0,1,0,0,0,0,1,1,0,0,1,0,0
40,4467,46,0,1.3,309.5,3.34,105.0,11046.6,0,0,358.0,11.0,4.0,0,0,0,46,1,0,0,1,0,0,1,0,0,1,0,0,1,0,0,1,0,0
41,1350,33,0,6.8,309.5,3.26,96.0,1215.0,0,0,226.0,11.7,4.0,0,0,0,33,0,0,1,1,0,0,1,0,0,0,0,1,1,0,0,1,0,0
42,4453,33,0,2.1,309.5,3.54,122.0,8778.0,0,0,344.0,11.0,4.0,0,0,0,33,1,0,0,0,1,0,1,0,0,0,0,1,0,0,1,1,0,0
43,4556,48,0,1.1,361.0,3.64,36.0,5430.2,0,0,203.0,10.6,2.0,0,0,0,48,1,0,0,1,0,0,1,0,0,1,0,0,1,0,0,1,0,0
44,3428,37,0,3.3,299.0,3.55,131.0,1029.0,0,0,199.0,11.7,3.0,0,0,0,37,0,0,1,0,1,0,1,0,0,0,0,1,0,0,1,0,0,1
45,4025,41,0,0.6,309.5,3.93,19.0,1826.0,0,0,474.0,10.9,2.0,0,0,0,41,1,0,0,0,1,0,1,0,0,1,0,0,1,0,0,1,0,0
46,2256,45,0,5.7,482.0,2.84,161.0,11552.0,0,0,518.0,12.7,3.0,0,0,0,45,0,0,1,1,0,0,1,0,0,0,0,1,1,0,0,1,0,0
47,2576,47,0,0.5,316.0,3.65,68.0,1716.0,0,0,356.0,9.8,3.0,0,0,0,47,1,0,0,0,1,0,1,0,0,1,0,0,1,0,0,1,0,0
48,4427,49,1,1.9,259.0,3.7,281.0,10396.8,0,0,214.0,11.0,3.0,0,0,0,49,1,0,0,0,1,0,1,0,0,1,0,0,1,0,0,1,0,0
49,708,61,0,0.8,309.5,3.82,58.0,678.0,0,0,233.0,11.0,4.0,0,0,0,61,0,0,1,0,1,0,1,0,0,0,0,1,1,0,0,1,0,0
50,2598,53,0,1.1,257.0,3.36,43.0,1080.0,0,0,128.0,10.6,4.0,0,0,0,53,0,0,1,1,0,0,1,0,0,0,0,1,1,0,0,1,0,0
51,3853,52,0,0.8,276.0,3.6,54.0,4332.0,0,0,273.0,10.6,2.0,0,0,0,52,0,0,1,0,1,0,1,0,0,1,0,0,1,0,0,1,0,0
52,2386,50,1,6.0,614.0,3.7,158.0,5084.4,0,0,362.0,10.6,1.0,0,0,0,50,0,0,1,1,0,0,1,0,0,1,0,0,1,0,0,1,0,0
53,1000,67,0,2.6,309.5,3.1,94.0,6456.2,0,0,214.0,11.0,4.0,0,0,0,67,0,0,1,1,0,0,1,0,0,0,0,1,1,0,0,1,0,0
54,1434,39,0,1.3,288.0,3.4,262.0,5487.2,0,0,254.0,11.0,4.0,0,0,0,39,0,0,1,1,0,0,0,0,1,0,0,1,0,0,1,0,0,1
55,1360,65,1,1.8,416.0,3.94,121.0,10165.0,0,0,213.0,11.0,3.0,0,0,0,65,0,0,1,1,0,0,1,0,0,1,0,0,1,0,0,1,0,0
56,1847,33,0,1.1,498.0,3.8,88.0,13862.4,0,0,365.0,10.6,2.0,0,0,0,33,0,0,1,0,1,0,1,0,0,0,0,1,0,0,1,1,0,0
57,3282,53,0,2.3,260.0,3.18,231.0,11320.2,0,0,216.0,12.4,3.0,0,0,0,53,0,0,1,1,0,0,1,0,0,0,0,1,1,0,0,0,1,0
58,4459,44,1,0.7,242.0,4.08,73.0,5890.0,0,0,1259.0,10.6,1.0,0,0,0,44,1,0,0,1,0,0,1,0,0,1,0,0,1,0,0,1,0,0
59,2224,40,0,0.8,329.0,3.5,49.0,7622.8,0,0,321.0,10.6,3.0,0,0,0,40,0,0,1,1,0,0,1,0,0,0,0,1,0,0,1,1,0,0
60,4365,58,0,0.9,604.0,3.4,82.0,876.0,0,0,228.0,10.3,3.0,0,0,0,58,1,0,0,1,0,0,1,0,0,1,0,0,1,0,0,1,0,0
61,4256,43,1,0.6,216.0,3.94,28.0,601.0,0,0,211.0,13.0,1.0,0,0,0,43,1,0,0,0,1,0,1,0,0,1,0,0,1,0,0,1,0,0
62,3090,60,0,1.3,302.0,2.75,58.0,1523.0,0,0,329.0,13.2,4.0,0,0,0,60,0,0,1,0,1,0,0,0,1,1,0,0,1,0,0,1,0,0
63,859,46,0,22.5,932.0,3.12,95.0,5396.0,0,0,165.0,11.6,3.0,0,0,0,46,0,0,1,0,1,0,1,0,0,1,0,0,0,0,1,0,0,1
64,1487,62,0,2.1,373.0,3.5,52.0,1009.0,0,0,178.0,11.0,3.0,0,0,0,62,0,0,1,0,1,0,1,0,0,0,0,1,1,0,0,1,0,0
65,3992,40,0,1.2,256.0,3.6,74.0,724.0,0,0,430.0,10.0,1.0,0,0,0,40,1,0,0,1,0,0,1,0,0,1,0,0,1,0,0,1,0,0
66,4191,46,1,1.4,427.0,3.7,105.0,1909.0,0,0,123.0,11.0,3.0,0,0,0,46,0,0,1,1,0,0,1,0,0,0,0,1,1,0,0,1,0,0
67,2769,51,0,1.1,466.0,3.91,84.0,1787.0,0,0,261.0,10.0,3.0,0,0,0,51,0,0,1,0,1,0,1,0,0,1,0,0,1,0,0,1,0,0
68,4039,32,0,0.7,174.0,4.09,58.0,642.0,0,0,203.0,10.6,3.0,0,0,0,32,1,0,0,1,0,0,1,0,0,1,0,0,1,0,0,1,0,0
69,1170,49,0,20.0,652.0,3.46,159.0,3292.0,0,0,227.0,12.4,3.0,0,0,0,49,0,0,1,1,0,0,1,0,0,0,0,1,0,0,1,0,1,0
70,3458,56,0,0.6,309.5,4.64,20.0,666.0,0,0,265.0,10.6,2.0,0,0,0,56,1,0,0,1,0,0,1,0,0,1,0,0,1,0,0,1,0,0
71,4196,48,0,1.2,258.0,3.57,79.0,2201.0,0,0,410.0,11.5,4.0,0,0,0,48,1,0,0,0,1,0,1,0,0,0,0,1,1,0,0,1,0,0
72,4184,32,0,0.5,320.0,3.54,51.0,1243.0,0,0,225.0,10.0,3.0,0,0,0,32,1,0,0,0,1,0,1,0,0,1,0,0,1,0,0,1,0,0
73,4190,38,0,0.7,132.0,3.6,17.0,423.0,0,0,265.0,11.0,1.0,0,0,0,38,1,0,0,0,1,0,1,0,0,1,0,0,1,0,0,1,0,0
74,1827,51,0,8.4,558.0,3.99,280.0,967.0,0,0,278.0,11.0,4.0,0,0,0,51,0,0,1,1,0,0,1,0,0,0,0,1,0,0,1,1,0,0
75,1191,43,0,17.1,674.0,2.53,207.0,2078.0,0,0,268.0,11.5,4.0,0,0,0,43,0,0,1,1,0,0,0,0,1,0,0,1,0,0,1,0,1,0
76,71,51,0,12.2,394.0,3.08,111.0,2132.0,0,0,165.0,11.6,4.0,0,0,0,51,0,0,1,1,0,0,1,0,0,0,0,1,0,0,1,0,1,0
77,326,49,0,6.6,244.0,3.41,199.0,1819.0,0,0,132.0,12.1,3.0,0,0,0,49,0,0,1,0,1,0,1,0,0,0,0,1,0,0,1,0,1,0
78,1690,47,0,6.3,436.0,3.02,75.0,2176.0,0,0,236.0,10.6,4.0,0,0,0,47,0,0,1,1,0,0,1,0,0,0,0,1,1,0,0,1,0,0
79,3707,46,0,0.8,315.0,4.24,13.0,1637.0,0,0,426.0,10.9,3.0,0,0,0,46,1,0,0,1,0,0,1,0,0,0,0,1,1,0,0,1,0,0
80,890,67,1,7.2,247.0,3.72,269.0,1303.0,0,0,360.0,11.2,4.0,0,0,0,67,0,0,1,0,1,0,1,0,0,0,0,1,1,0,0,1,0,0
81,2540,63,0,14.4,448.0,3.65,34.0,1218.0,0,0,385.0,11.7,4.0,0,0,0,63,0,0,1,1,0,0,1,0,0,0,0,1,0,0,1,1,0,0
82,3574,67,0,4.5,472.0,4.09,154.0,1580.0,0,0,412.0,11.1,3.0,0,0,0,67,0,0,1,1,0,0,1,0,0,1,0,0,1,0,0,1,0,0
83,4050,56,0,1.3,250.0,3.5,48.0,1138.0,0,0,81.0,12.9,4.0,0,0,0,56,1,0,0,1,0,0,1,0,0,0,0,1,1,0,0,0,1,0
84,4032,55,0,0.4,263.0,3.76,29.0,1345.0,0,0,181.0,11.2,3.0,0,0,0,55,1,0,0,0,1,0,1,0,0,1,0,0,1,0,0,1,0,0
85,3358,47,0,2.1,262.0,3.48,58.0,2045.0,0,0,225.0,11.5,4.0,0,0,0,47,0,0,1,0,1,0,1,0,0,0,0,1,1,0,0,1,0,0
86,1657,52,0,5.0,1600.0,3.21,75.0,2656.0,0,0,181.0,10.9,3.0,0,0,0,52,0,0,1,1,0,0,1,0,0,0,0,1,0,0,1,1,0,0
87,198,37,0,1.1,345.0,4.4,75.0,1860.0,0,0,447.0,10.7,3.0,0,0,0,37,0,0,1,1,0,0,1,0,0,1,0,0,1,0,0,1,0,0
88,2452,41,0,0.6,296.0,4.06,37.0,1032.0,0,0,442.0,12.0,3.0,0,0,0,41,1,0,0,0,1,0,1,0,0,1,0,0,1,0,0,0,1,0
89,1741,52,0,2.0,408.0,3.65,50.0,1083.0,0,0,200.0,11.4,2.0,0,0,0,52,0,0,1,1,0,0,1,0,0,0,0,1,1,0,0,1,0,0
90,2689,33,1,1.6,660.0,4.22,94.0,1857.0,0,0,337.0,11.0,2.0,0,0,0,33,0,0,1,1,0,0,1,0,0,1,0,0,1,0,0,1,0,0
91,460,45,0,5.0,325.0,3.47,110.0,2460.0,0,0,430.0,11.9,4.0,0,0,0,45,0,0,1,0,1,0,1,0,0,0,0,1,0,0,1,0,1,0
92,388,76,0,1.4,206.0,3.13,36.0,1626.0,0,0,145.0,12.2,4.0,0,0,0,76,0,0,1,1,0,0,0,0,1,1,0,0,1,0,0,0,0,1
93,3913,36,0,1.3,353.0,3.67,73.0,2039.0,0,0,380.0,11.1,2.0,0,0,0,36,1,0,0,1,0,0,1,0,0,1,0,0,1,0,0,1,0,0
94,750,53,0,3.2,201.0,3.11,178.0,1212.0,0,0,188.0,11.8,4.0,0,0,0,53,0,0,1,1,0,0,1,0,0,0,0,1,0,0,1,1,0,0
95,130,46,0,17.4,309.5,2.64,182.0,559.0,0,0,401.0,11.7,2.0,0,0,0,46,0,0,1,0,1,0,0,0,1,0,0,1,0,0,1,0,0,1
96,3850,48,0,1.0,309.5,3.7,33.0,1258.0,0,0,338.0,10.4,3.0,0,0,0,48,1,0,0,1,0,0,1,0,0,1,0,0,1,0,0,1,0,0
97,611,71,1,2.0,420.0,3.26,62.0,3196.0,0,0,344.0,11.4,3.0,0,0,0,71,0,0,1,0,1,0,1,0,0,0,0,1,1,0,0,0,1,0
98,3823,28,0,1.0,239.0,3.77,77.0,1877.0,0,0,312.0,10.2,1.0,0,0,0,28,1,0,0,1,0,0,1,0,0,1,0,0,1,0,0,1,0,0
99,3820,48,1,1.8,460.0,3.35,148.0,1472.0,0,0,172.0,10.2,2.0,0,0,0,48,1,0,0,0,1,0,1,0,0,1,0,0,1,0,0,1,0,0
100,552,51,1,2.3,178.0,3.0,145.0,746.0,0,0,119.0,12.0,4.0,0,0,0,51,0,0,1,0,1,0,1,0,0,0,0,1,1,0,0,1,0,0
101,3581,44,0,0.9,400.0,3.6,31.0,1689.0,0,0,327.0,10.4,3.0,0,0,0,44,1,0,0,0,1,0,1,0,0,1,0,0,1,0,0,1,0,0
102,3099,56,0,0.9,248.0,3.97,172.0,646.0,0,0,128.0,10.1,1.0,0,0,0,56,1,0,0,1,0,0,1,0,0,1,0,0,1,0,0,1,0,0
103,110,48,0,2.5,188.0,3.67,57.0,1273.0,0,0,110.0,11.1,4.0,0,0,0,48,0,0,1,0,1,0,0,0,1,0,0,1,0,0,1,0,0,1
104,3086,43,0,1.1,303.0,3.64,20.0,2108.0,0,0,349.0,11.1,2.0,0,0,0,43,0,0,1,1,0,0,1,0,0,1,0,0,1,0,0,1,0,0
105,3092,34,0,1.1,464.0,4.2,38.0,1644.0,0,0,348.0,10.3,3.0,0,0,0,34,0,1,0,0,1,0,1,0,0,0,0,1,1,0,0,1,0,0
106,3222,68,0,2.1,309.5,3.9,50.0,1087.0,0,0,137.0,10.6,2.0,0,0,0,68,0,0,1,1,0,0,0,0,1,0,0,1,1,0,0,1,0,0
107,3388,62,0,0.6,212.0,4.03,10.0,648.0,0,0,316.0,17.1,1.0,0,0,0,62,1,0,0,0,1,0,1,0,0,1,0,0,1,0,0,1,0,0
108,2583,50,0,0.4,127.0,3.5,14.0,1062.0,0,0,334.0,10.3,2.0,0,0,0,50,0,0,1,1,0,0,1,0,0,1,0,0,1,0,0,1,0,0
109,2504,44,0,0.5,120.0,3.61,53.0,804.0,0,0,271.0,10.6,3.0,0,0,0,44,1,0,0,0,1,0,1,0,0,1,0,0,1,0,0,1,0,0
110,2105,38,0,1.9,486.0,3.54,74.0,1052.0,0,0,141.0,10.9,3.0,0,0,0,38,0,0,1,1,0,0,1,0,0,0,0,1,0,0,1,1,0,0
111,2350,41,0,5.5,528.0,4.18,77.0,2404.0,0,0,467.0,10.7,3.0,0,0,0,41,0,1,0,1,0,0,1,0,0,1,0,0,1,0,0,1,0,0
112,3445,55,0,2.0,267.0,3.67,89.0,754.0,0,0,136.0,11.8,4.0,0,0,0,55,0,0,1,0,1,0,1,0,0,0,0,1,0,0,1,1,0,0
113,980,51,0,6.7,374.0,3.74,103.0,979.0,0,0,266.0,11.1,4.0,0,0,0,51,0,0,1,1,0,0,1,0,0,0,0,1,0,0,1,1,0,0
114,3395,52,1,3.2,259.0,4.3,208.0,1040.0,0,0,268.0,11.7,3.0,0,0,0,52,0,0,1,0,1,0,1,0,0,1,0,0,1,0,0,1,0,0
115,3422,42,0,0.7,303.0,4.19,81.0,1584.0,0,0,307.0,10.3,3.0,0,0,0,42,1,0,0,0,1,0,1,0,0,1,0,0,0,0,1,1,0,0
116,3336,61,0,3.0,458.0,3.63,74.0,1588.0,0,0,438.0,9.9,3.0,0,0,0,61,1,0,0,1,0,0,1,0,0,1,0,0,0,0,1,0,1,0
117,1083,49,0,6.5,950.0,3.11,111.0,2374.0,0,0,354.0,11.0,4.0,0,0,0,49,0,0,1,1,0,0,1,0,0,0,0,1,0,0,1,1,0,0
118,2288,48,0,3.5,390.0,3.3,67.0,878.0,0,0,207.0,10.2,3.0,0,0,0,48,0,0,1,1,0,0,1,0,0,0,0,1,1,0,0,1,0,0
119,515,54,0,0.6,636.0,3.83,129.0,944.0,0,0,306.0,9.5,3.0,0,0,0,54,0,0,1,1,0,0,1,0,0,1,0,0,0,0,1,1,0,0
120,2033,35,1,3.5,325.0,3.98,444.0,766.0,0,0,344.0,10.6,3.0,0,0,0,35,0,1,0,1,0,0,1,0,0,1,0,0,1,0,0,1,0,0
121,191,67,1,1.3,151.0,3.08,73.0,1112.0,0,0,213.0,13.2,4.0,0,0,0,67,0,0,1,0,1,0,0,0,1,0,0,1,1,0,0,0,0,1
122,3297,55,0,0.6,298.0,4.13,29.0,758.0,0,0,256.0,10.7,3.0,0,0,0,55,1,0,0,1,0,0,1,0,0,1,0,0,1,0,0,1,0,0
123,971,45,0,5.1,309.5,3.23,18.0,790.0,0,0,104.0,13.0,4.0,0,0,0,45,0,0,1,1,0,0,1,0,0,0,0,1,0,0,1,0,0,1
124,3069,52,1,0.6,251.0,3.9,25.0,681.0,0,0,182.0,10.8,4.0,0,0,0,52,1,0,0,1,0,0,1,0,0,0,0,1,1,0,0,1,0,0
125,2468,47,0,1.3,316.0,3.51,75.0,1162.0,0,0,238.0,10.0,4.0,0,0,0,47,0,1,0,0,1,0,1,0,0,0,0,1,1,0,0,1,0,0
126,824,53,0,1.2,269.0,3.12,73.0,1441.0,0,0,166.0,11.1,4.0,0,0,0,53,0,0,1,1,0,0,0,0,1,0,0,1,0,0,1,1,0,0
127,3255,44,0,0.5,268.0,4.08,9.0,1174.0,0,0,453.0,10.0,2.0,0,0,0,44,1,0,0,0,1,0,1,0,0,1,0,0,1,0,0,1,0,0
128,1037,41,0,16.2,309.5,2.89,42.0,1828.0,0,0,123.0,12.6,4.0,0,0,0,41,0,0,1,1,0,0,1,0,0,0,0,1,0,0,1,1,0,0
129,3239,63,0,0.9,420.0,3.87,30.0,1009.0,0,0,1259.0,9.7,3.0,0,0,0,63,1,0,0,1,0,0,1,0,0,0,0,1,1,0,0,1,0,0
130,1413,44,0,17.4,1775.0,3.43,205.0,2065.0,0,0,418.0,11.5,3.0,0,0,0,44,0,0,1,0,1,0,1,0,0,0,0,1,0,0,1,1,0,0
131,850,62,0,2.8,242.0,3.8,74.0,614.0,0,0,121.0,13.2,4.0,0,0,0,62,0,0,1,0,1,0,1,0,0,0,0,1,0,0,1,1,0,0
132,2944,40,0,1.9,448.0,3.83,60.0,1052.0,0,0,181.0,9.8,3.0,0,0,0,40,1,0,0,1,0,0,1,0,0,1,0,0,1,0,0,1,0,0
133,2796,62,1,1.5,331.0,3.95,13.0,577.0,0,0,165.0,10.1,4.0,0,0,0,62,0,0,1,0,1,0,1,0,0,1,0,0,1,0,0,1,0,0
134,3149,42,0,0.7,578.0,3.67,35.0,1353.0,0,0,427.0,10.7,2.0,0,0,0,42,1,0,0,0,1,0,1,0,0,1,0,0,1,0,0,1,0,0
135,3150,42,0,0.4,263.0,3.57,123.0,836.0,0,0,445.0,11.0,2.0,0,0,0,42,1,0,0,1,0,0,1,0,0,1,0,0,1,0,0,1,0,0
136,3098,56,0,0.8,263.0,3.35,27.0,1636.0,0,0,206.0,9.8,2.0,0,0,0,56,1,0,0,1,0,0,1,0,0,1,0,0,1,0,0,1,0,0
137,2990,62,0,1.1,399.0,3.6,79.0,3472.0,0,0,344.0,10.1,2.0,0,0,0,62,1,0,0,1,0,0,1,0,0,1,0,0,1,0,0,1,0,0
138,1297,51,1,7.3,426.0,3.93,262.0,2424.0,0,0,252.0,10.5,3.0,0,0,0,51,0,0,1,1,0,0,1,0,0,0,0,1,1,0,0,1,0,0
139,2106,46,0,1.1,328.0,3.31,159.0,1260.0,0,0,142.0,11.6,4.0,0,0,0,46,1,0,0,0,1,0,1,0,0,0,0,1,1,0,0,1,0,0
140,3059,54,0,1.1,290.0,4.09,38.0,2120.0,0,0,318.0,10.0,3.0,0,0,0,54,1,0,0,1,0,0,1,0,0,0,0,1,1,0,0,1,0,0
141,3050,47,0,0.9,346.0,3.77,59.0,794.0,0,0,336.0,10.6,2.0,0,0,0,47,1,0,0,1,0,0,1,0,0,1,0,0,1,0,0,1,0,0
142,2419,55,0,1.0,364.0,3.48,20.0,720.0,0,0,283.0,9.9,2.0,0,0,0,55,0,0,1,0,1,0,1,0,0,0,0,1,1,0,0,1,0,0
143,786,46,0,2.9,332.0,3.6,86.0,1492.0,0,0,277.0,11.0,4.0,0,0,0,46,0,0,1,0,1,0,1,0,0,0,0,1,1,0,0,1,0,0
144,943,52,0,28.0,556.0,3.26,152.0,3896.0,0,0,335.0,10.0,3.0,0,0,0,52,0,0,1,0,1,0,1,0,0,0,0,1,1,0,0,0,1,0
145,2976,51,0,0.7,309.0,3.84,96.0,858.0,0,0,253.0,11.4,3.0,0,0,0,51,1,0,0,0,1,0,1,0,0,1,0,0,0,0,1,1,0,0
146,2615,33,0,1.2,309.5,3.89,58.0,1284.0,0,0,239.0,9.4,3.0,0,0,0,33,1,0,0,0,1,0,1,0,0,1,0,0,1,0,0,0,1,0
147,2995,75,0,1.2,288.0,3.37,32.0,791.0,0,0,213.0,10.7,2.0,0,0,0,75,1,0,0,1,0,0,1,0,0,1,0,0,1,0,0,0,1,0
148,1427,30,0,7.2,1015.0,3.26,247.0,3836.0,0,0,330.0,9.8,3.0,0,0,0,30,0,0,1,0,1,0,1,0,0,0,0,1,1,0,0,1,0,0
149,762,61,1,3.0,257.0,3.79,290.0,1664.0,0,0,140.0,9.9,4.0,0,0,0,61,0,0,1,1,0,0,1,0,0,0,0,1,0,0,1,0,1,0
150,2891,35,0,1.0,309.5,3.63,57.0,1536.0,0,0,233.0,10.0,1.0,0,0,0,35,1,0,0,0,1,0,1,0,0,1,0,0,0,0,1,1,0,0
151,2870,55,0,0.9,460.0,3.03,57.0,721.0,0,0,301.0,9.4,2.0,0,0,0,55,1,0,0,1,0,0,1,0,0,1,0,0,1,0,0,1,0,0
152,1152,69,1,2.3,586.0,3.01,243.0,2276.0,0,0,339.0,10.9,3.0,0,0,0,69,0,0,1,1,0,0,1,0,0,0,0,1,1,0,0,1,0,0
153,2863,49,0,0.5,217.0,3.85,68.0,453.0,0,0,270.0,11.1,1.0,0,0,0,49,1,0,0,1,0,0,1,0,0,1,0,0,1,0,0,1,0,0
154,140,69,1,2.4,168.0,2.56,225.0,1056.0,0,0,108.0,14.1,3.0,0,0,0,69,0,0,1,1,0,0,1,0,0,1,0,0,0,0,1,0,0,1
155,2666,43,0,0.6,220.0,3.35,57.0,1620.0,0,0,311.0,11.2,4.0,0,0,0,43,1,0,0,0,1,0,1,0,0,0,0,1,0,0,1,0,1,0
156,853,59,0,25.5,358.0,3.52,219.0,2468.0,0,0,151.0,11.5,2.0,0,0,0,59,0,0,1,0,1,0,1,0,0,0,0,1,1,0,0,1,0,0
157,2835,48,0,0.6,286.0,3.42,34.0,1868.0,0,0,487.0,10.0,2.0,0,0,0,48,1,0,0,0,1,0,1,0,0,1,0,0,1,0,0,1,0,0
158,2475,36,0,3.4,450.0,3.37,32.0,1408.0,0,0,313.0,11.2,2.0,0,0,0,36,0,1,0,1,0,0,1,0,0,1,0,0,1,0,0,1,0,0
159,1536,45,1,2.5,317.0,3.46,217.0,714.0,0,0,207.0,10.1,3.0,0,0,0,45,0,0,1,0,1,0,1,0,0,1,0,0,1,0,0,1,0,0
160,2772,57,0,0.6,217.0,3.62,13.0,414.0,0,0,224.0,10.5,3.0,0,0,0,57,1,0,0,0,1,0,1,0,0,1,0,0,1,0,0,1,0,0
161,2797,42,0,2.3,502.0,3.56,4.0,964.0,0,0,269.0,9.6,2.0,0,0,0,42,1,0,0,0,1,0,1,0,0,1,0,0,1,0,0,1,0,0
162,186,58,0,3.2,260.0,3.19,91.0,815.0,0,0,160.0,12.0,4.0,0,0,0,58,0,0,1,0,1,0,1,0,0,0,0,1,0,0,1,1,0,0
163,2055,53,0,0.3,233.0,4.08,20.0,622.0,0,0,358.0,9.9,3.0,0,0,0,53,0,0,1,1,0,0,1,0,0,1,0,0,1,0,0,1,0,0
164,264,43,0,8.5,309.5,3.34,161.0,1428.0,0,0,88.0,13.3,4.0,0,0,0,43,0,0,1,0,1,0,1,0,0,0,0,1,0,0,1,0,1,0
165,1077,53,1,4.0,196.0,3.45,80.0,2496.0,0,0,212.0,11.3,4.0,0,0,0,53,0,0,1,1,0,0,1,0,0,0,0,1,1,0,0,1,0,0
166,2721,41,0,5.7,1480.0,3.26,84.0,1960.0,0,0,213.0,9.5,2.0,0,0,0,41,1,0,0,0,1,0,1,0,0,0,0,1,1,0,0,1,0,0
167,1682,61,1,0.9,376.0,3.86,200.0,1015.0,0,0,238.0,10.3,4.0,0,0,0,61,0,0,1,1,0,0,1,0,0,0,0,1,1,0,0,1,0,0
168,2713,47,0,0.4,257.0,3.8,44.0,842.0,0,0,1259.0,9.2,2.0,0,0,0,47,1,0,0,0,1,0,1,0,0,0,0,1,1,0,0,1,0,0
169,1212,35,0,1.3,408.0,4.22,67.0,1387.0,0,0,295.0,10.1,3.0,0,0,0,35,0,0,1,0,1,0,1,0,0,1,0,0,1,0,0,1,0,0
170,2692,48,0,1.2,390.0,3.61,32.0,1509.0,0,0,263.0,9.0,3.0,0,0,0,48,1,0,0,1,0,0,1,0,0,1,0,0,1,0,0,1,0,0
171,2574,52,0,0.5,309.5,4.52,31.0,784.0,0,0,361.0,10.1,3.0,0,0,0,52,1,0,0,1,0,0,1,0,0,1,0,0,1,0,0,1,0,0
172,2301,49,0,1.3,205.0,3.34,65.0,1031.0,0,0,217.0,9.8,3.0,0,0,0,49,1,0,0,0,1,0,1,0,0,1,0,0,0,0,1,1,0,0
173,2657,30,0,3.0,236.0,3.42,76.0,1403.0,0,0,493.0,9.8,2.0,0,0,0,30,1,0,0,1,0,0,1,0,0,0,0,1,0,0,1,1,0,0
174,2644,55,0,0.5,309.5,3.85,63.0,663.0,0,0,311.0,9.7,1.0,0,0,0,55,1,0,0,1,0,0,1,0,0,1,0,0,1,0,0,1,0,0
175,2624,52,0,0.8,283.0,3.8,152.0,718.0,0,0,340.0,10.1,3.0,0,0,0,52,1,0,0,0,1,0,1,0,0,1,0,0,1,0,0,1,0,0
176,1492,41,0,3.2,309.5,3.56,77.0,1790.0,0,0,149.0,10.1,4.0,0,0,0,41,0,0,1,1,0,0,1,0,0,0,0,1,0,0,1,1,0,0
177,2609,55,0,0.9,258.0,4.01,49.0,559.0,0,0,277.0,10.4,2.0,0,0,0,55,1,0,0,0,1,0,1,0,0,1,0,0,1,0,0,1,0,0
178,2580,70,0,0.6,309.5,4.08,51.0,665.0,0,0,325.0,10.2,4.0,0,0,0,70,1,0,0,1,0,0,1,0,0,1,0,0,1,0,0,1,0,0
179,2573,43,0,1.8,396.0,3.83,39.0,2148.0,0,0,278.0,9.9,4.0,0,0,0,43,1,0,0,0,1,0,1,0,0,0,0,1,1,0,0,1,0,0
180,2563,42,0,4.7,478.0,4.38,44.0,1629.0,0,0,175.0,10.4,3.0,0,0,0,42,1,0,0,0,1,0,1,0,0,1,0,0,1,0,0,1,0,0
181,2556,44,0,1.4,248.0,3.58,63.0,554.0,0,0,79.0,10.3,4.0,0,0,0,44,1,0,0,1,0,0,1,0,0,0,0,1,0,0,1,1,0,0
182,2555,56,0,0.6,309.5,3.69,161.0,674.0,0,0,539.0,9.9,2.0,0,0,0,56,1,0,0,1,0,0,1,0,0,0,0,1,1,0,0,1,0,0
183,2241,40,0,0.5,201.0,3.73,44.0,1345.0,0,0,445.0,10.1,2.0,0,0,0,40,0,1,0,0,1,0,1,0,0,1,0,0,1,0,0,1,0,0
184,974,37,0,11.0,674.0,3.55,358.0,2412.0,0,0,471.0,9.8,3.0,0,0,0,37,0,0,1,0,1,0,1,0,0,0,0,1,1,0,0,1,0,0
185,2527,48,0,0.8,256.0,3.54,42.0,1132.0,0,0,192.0,10.5,3.0,0,0,0,48,1,0,0,1,0,0,1,0,0,1,0,0,1,0,0,1,0,0
186,1576,70,0,2.0,225.0,3.53,51.0,933.0,0,0,200.0,12.7,3.0,0,0,0,70,0,0,1,1,0,0,1,0,0,1,0,0,0,0,1,0,1,0
187,733,35,0,14.0,808.0,3.43,251.0,2870.0,0,0,268.0,11.5,3.0,0,0,0,35,0,0,1,0,1,0,1,0,0,0,0,1,1,0,0,1,0,0
188,2332,62,0,0.7,187.0,3.48,41.0,654.0,0,0,164.0,11.0,4.0,0,0,0,62,1,0,0,1,0,0,1,0,0,0,0,1,1,0,0,1,0,0
189,2456,50,0,1.3,360.0,3.63,52.0,1812.0,0,0,256.0,9.9,3.0,0,0,0,50,1,0,0,0,1,0,1,0,0,0,0,1,1,0,0,1,0,0
190,2504,54,0,2.3,309.5,3.93,24.0,1828.0,0,0,327.0,10.2,2.0,0,0,0,54,1,0,0,1,0,0,1,0,0,1,0,0,0,0,1,1,0,0
191,216,52,0,24.5,1092.0,3.35,233.0,3740.0,0,0,399.0,15.2,4.0,0,0,0,52,0,0,1,0,1,0,0,0,1,0,0,1,0,0,1,1,0,0
192,2443,52,0,0.9,308.0,3.69,67.0,696.0,0,0,344.0,9.8,4.0,0,0,0,52,1,0,0,1,0,0,1,0,0,0,0,1,1,0,0,1,0,0
193,797,56,0,10.8,932.0,3.19,267.0,2184.0,0,0,382.0,10.4,4.0,0,0,0,56,0,0,1,0,1,0,1,0,0,1,0,0,1,0,0,1,0,0
194,2449,44,0,1.5,293.0,4.3,50.0,975.0,0,0,336.0,9.1,2.0,0,0,0,44,1,0,0,1,0,0,1,0,0,1,0,0,1,0,0,1,0,0
195,2330,29,0,3.7,347.0,3.9,76.0,2544.0,0,0,129.0,11.5,4.0,0,0,0,29,1,0,0,1,0,0,1,0,0,0,0,1,1,0,0,1,0,0
196,2363,57,0,1.4,226.0,3.36,13.0,810.0,0,0,117.0,11.6,4.0,0,0,0,57,1,0,0,1,0,0,1,0,0,0,0,1,0,0,1,1,0,0
197,2365,44,0,0.6,266.0,3.97,25.0,1164.0,0,0,201.0,10.1,2.0,0,0,0,44,1,0,0,1,0,0,1,0,0,1,0,0,1,0,0,1,0,0
198,2357,35,0,0.7,286.0,2.9,38.0,1692.0,0,0,381.0,9.6,2.0,0,0,0,35,1,0,0,0,1,0,1,0,0,1,0,0,0,0,1,1,0,0
199,1592,40,0,2.1,392.0,3.43,52.0,1395.0,0,0,328.0,10.2,3.0,0,0,0,40,1,0,0,1,0,0,1,0,0,1,0,0,1,0,0,1,0,0
200,2318,32,0,4.7,236.0,3.55,112.0,1391.0,0,0,332.0,9.9,3.0,0,0,0,32,1,0,0,0,1,0,1,0,0,1,0,0,0,0,1,1,0,0
201,2294,41,0,0.6,235.0,3.2,26.0,1758.0,0,0,228.0,10.8,4.0,0,0,0,41,1,0,0,0,1,0,1,0,0,0,0,1,1,0,0,1,0,0
202,2272,61,0,0.5,223.0,3.8,15.0,1044.0,0,0,514.0,10.0,2.0,0,0,0,61,1,0,0,1,0,0,1,0,0,1,0,0,1,0,0,1,0,0
203,2221,37,0,0.5,149.0,4.04,227.0,598.0,0,0,166.0,9.9,2.0,0,0,0,37,1,0,0,0,1,0,1,0,0,0,0,1,1,0,0,1,0,0
204,2090,62,0,0.7,255.0,3.74,23.0,1024.0,0,0,281.0,10.2,3.0,0,0,0,62,0,0,1,0,1,0,1,0,0,1,0,0,1,0,0,1,0,0
205,2081,49,0,2.5,382.0,3.55,108.0,1516.0,0,0,126.0,10.3,3.0,0,0,0,49,0,0,1,1,0,0,0,0,1,1,0,0,1,0,0,1,0,0
206,2255,62,0,0.6,213.0,4.07,12.0,5300.0,0,0,240.0,11.0,1.0,0,0,0,62,1,0,0,1,0,0,1,0,0,1,0,0,1,0,0,1,0,0
207,2171,72,0,0.6,309.5,3.33,14.0,733.0,0,0,259.0,10.1,4.0,0,0,0,72,1,0,0,1,0,0,1,0,0,1,0,0,1,0,0,0,1,0
208,904,61,0,3.9,396.0,3.2,58.0,1440.0,0,0,156.0,10.0,4.0,0,0,0,61,0,0,1,1,0,0,1,0,0,0,0,1,1,0,0,1,0,0
209,2216,52,0,0.7,252.0,4.01,11.0,1210.0,0,0,309.0,9.5,2.0,0,0,0,52,1,0,0,0,1,0,1,0,0,0,0,1,0,0,1,1,0,0
210,2224,49,1,0.9,346.0,3.37,81.0,1098.0,0,0,298.0,10.0,2.0,0,0,0,49,1,0,0,0,1,0,1,0,0,0,0,1,1,0,0,1,0,0
211,2195,52,0,1.3,309.5,3.76,27.0,1282.0,0,0,114.0,10.3,3.0,0,0,0,52,1,0,0,0,1,0,1,0,0,1,0,0,1,0,0,1,0,0
212,2176,47,0,1.2,232.0,3.98,11.0,1074.0,0,0,223.0,9.9,3.0,0,0,0,47,1,0,0,0,1,0,1,0,0,1,0,0,1,0,0,1,0,0
213,2178,50,0,0.5,400.0,3.4,9.0,1134.0,0,0,356.0,10.2,3.0,0,0,0,50,1,0,0,1,0,0,1,0,0,1,0,0,0,0,1,1,0,0
214,1786,69,0,0.9,404.0,3.43,34.0,1866.0,0,0,236.0,9.9,3.0,0,0,0,69,0,0,1,0,1,0,1,0,0,0,0,1,1,0,0,1,0,0
215,1080,41,0,5.9,1276.0,3.85,141.0,1204.0,0,0,216.0,10.7,3.0,0,0,0,41,0,0,1,0,1,0,1,0,0,1,0,0,1,0,0,1,0,0
216,2168,59,0,0.5,309.5,3.68,20.0,856.0,0,0,146.0,10.4,3.0,0,0,0,59,1,0,0,1,0,0,1,0,0,1,0,0,1,0,0,1,0,0
217,790,36,0,11.4,608.0,3.31,65.0,1790.0,0,0,298.0,10.8,4.0,0,0,0,36,0,0,1,0,1,0,1,0,0,0,0,1,1,0,0,1,0,0
218,2170,34,0,0.5,309.5,3.89,29.0,897.0,0,0,423.0,10.1,1.0,0,0,0,34,1,0,0,1,0,0,1,0,0,1,0,0,1,0,0,1,0,0
219,2157,42,0,1.6,215.0,4.17,67.0,936.0,0,0,176.0,9.6,3.0,0,0,0,42,1,0,0,0,1,0,1,0,0,1,0,0,1,0,0,1,0,0
220,1235,63,0,3.8,426.0,3.22,96.0,2716.0,0,0,228.0,10.6,2.0,0,0,0,63,0,0,1,1,0,0,1,0,0,1,0,0,0,0,1,1,0,0
221,2050,56,0,0.9,360.0,3.65,72.0,3186.0,0,0,269.0,9.7,4.0,0,0,0,56,1,0,0,0,1,0,1,0,0,0,0,1,1,0,0,1,0,0
222,597,46,0,4.5,372.0,3.38,227.0,2310.0,0,0,240.0,12.4,3.0,0,0,0,46,0,0,1,0,1,0,1,0,0,0,0,1,1,0,0,1,0,0
223,334,61,0,14.1,448.0,2.43,123.0,1833.0,0,0,210.0,11.0,4.0,0,0,0,61,0,0,1,1,0,0,0,0,1,0,0,1,1,0,0,0,0,1
224,1945,38,0,1.0,309.0,3.66,67.0,1214.0,0,0,309.0,9.7,3.0,0,0,0,38,1,0,0,1,0,0,1,0,0,1,0,0,1,0,0,1,0,0
225,2022,38,0,0.7,274.0,3.66,108.0,1065.0,0,0,251.0,10.1,2.0,0,0,0,38,1,0,0,1,0,0,1,0,0,1,0,0,1,0,0,1,0,0
226,1978,56,0,0.5,223.0,3.7,39.0,884.0,0,0,231.0,9.6,3.0,0,0,0,56,1,0,0,0,1,0,1,0,0,0,0,1,1,0,0,1,0,0
227,999,58,1,2.3,316.0,3.35,172.0,1601.0,0,0,394.0,9.7,2.0,0,0,0,58,0,0,1,1,0,0,1,0,0,1,0,0,1,0,0,1,0,0
228,1967,36,0,0.7,215.0,3.35,41.0,645.0,0,0,165.0,9.6,3.0,0,0,0,36,1,0,0,0,1,0,1,0,0,1,0,0,1,0,0,1,0,0
229,348,62,0,4.5,191.0,3.05,200.0,1020.0,0,0,139.0,11.4,4.0,0,0,0,62,0,0,1,1,0,0,0,0,1,0,0,1,1,0,0,0,1,0
230,1979,34,0,3.3,302.0,3.41,51.0,310.0,0,0,95.0,11.5,4.0,0,0,0,34,1,0,0,0,1,0,1,0,0,0,0,1,0,0,1,1,0,0
231,1165,58,0,3.4,518.0,1.96,115.0,2250.0,0,0,190.0,10.7,4.0,0,0,0,58,0,0,1,0,1,0,1,0,0,0,0,1,0,0,1,1,0,0
232,1951,50,0,0.4,267.0,3.02,47.0,1001.0,0,0,265.0,10.6,3.0,0,0,0,50,1,0,0,1,0,0,1,0,0,0,0,1,1,0,0,1,0,0
233,1932,42,0,0.9,514.0,3.06,412.0,2622.0,0,0,284.0,9.8,4.0,0,0,0,42,1,0,0,1,0,0,1,0,0,0,0,1,0,0,1,1,0,0
234,1776,34,0,0.9,578.0,3.35,78.0,976.0,0,0,322.0,11.2,2.0,0,0,0,34,1,0,0,0,1,0,1,0,0,1,0,0,1,0,0,1,0,0
235,1882,33,0,13.0,1336.0,4.16,71.0,3510.0,0,0,338.0,11.9,3.0,0,0,0,33,1,0,0,0,1,0,1,0,0,0,0,1,1,0,0,1,0,0
236,1908,38,0,1.5,253.0,3.79,67.0,1006.0,0,0,341.0,9.7,3.0,0,0,0,38,1,0,0,1,0,0,1,0,0,0,0,1,0,0,1,1,0,0
237,1882,59,0,1.6,442.0,2.95,105.0,820.0,0,0,181.0,10.1,3.0,0,0,0,59,1,0,0,1,0,0,1,0,0,0,0,1,1,0,0,1,0,0
238,1874,66,0,0.6,280.0,3.35,73.0,1093.0,0,0,295.0,9.8,2.0,0,0,0,66,1,0,0,0,1,0,1,0,0,1,0,0,1,0,0,0,1,0
239,694,46,0,0.8,300.0,2.94,231.0,1794.0,0,0,319.0,11.2,4.0,0,0,0,46,0,0,1,1,0,0,1,0,0,0,0,1,0,0,1,1,0,0
240,1831,56,0,0.4,232.0,3.72,24.0,369.0,0,0,326.0,10.1,3.0,0,0,0,56,1,0,0,1,0,0,1,0,0,1,0,0,1,0,0,1,0,0
241,837,41,0,4.4,316.0,3.62,308.0,1119.0,0,0,282.0,9.8,4.0,0,0,0,41,0,1,0,0,1,0,1,0,0,0,0,1,0,0,1,1,0,0
242,1810,64,0,1.9,354.0,2.97,86.0,1553.0,0,0,277.0,9.9,3.0,0,0,0,64,1,0,0,1,0,0,1,0,0,0,0,1,1,0,0,1,0,0
243,930,67,0,8.0,468.0,2.81,139.0,2009.0,0,0,233.0,10.0,4.0,0,0,0,67,0,0,1,0,1,0,1,0,0,0,0,1,1,0,0,1,0,0
244,1690,44,0,3.9,350.0,3.22,121.0,1268.0,0,0,270.0,9.6,3.0,0,0,0,44,0,0,1,1,0,0,1,0,0,1,0,0,0,0,1,1,0,0
245,1790,45,0,0.6,273.0,3.65,48.0,794.0,0,0,305.0,9.6,3.0,0,0,0,45,1,0,0,0,1,0,1,0,0,0,0,1,1,0,0,1,0,0
246,1435,32,0,2.1,387.0,3.77,63.0,1613.0,0,0,185.0,10.1,4.0,0,0,0,32,0,1,0,1,0,0,1,0,0,0,0,1,1,0,0,1,0,0
247,732,41,0,6.1,1712.0,2.83,89.0,3681.0,0,0,297.0,10.0,3.0,0,0,0,41,0,1,0,1,0,0,1,0,0,0,0,1,1,0,0,1,0,0
248,1785,55,0,0.8,324.0,3.51,39.0,1237.0,0,0,371.0,10.0,3.0,0,0,0,55,1,0,0,0,1,0,1,0,0,0,0,1,1,0,0,1,0,0
249,1783,48,0,1.3,242.0,3.2,35.0,1556.0,0,0,195.0,10.6,4.0,0,0,0,48,1,0,0,1,0,0,1,0,0,1,0,0,0,0,1,1,0,0
250,1769,40,0,0.6,299.0,3.36,23.0,2769.0,0,0,303.0,10.9,4.0,0,0,0,40,1,0,0,0,1,0,1,0,0,0,0,1,1,0,0,1,0,0
251,1457,57,0,0.5,227.0,3.61,40.0,676.0,0,0,249.0,9.9,2.0,0,0,0,57,1,0,0,1,0,0,1,0,0,1,0,0,1,0,0,1,0,0
252,1770,68,0,1.1,246.0,3.35,116.0,924.0,0,0,317.0,10.0,4.0,0,0,0,68,1,0,0,1,0,0,1,0,0,0,0,1,0,0,1,1,0,0
253,1765,78,1,7.1,243.0,3.03,380.0,983.0,0,0,97.0,11.2,4.0,0,0,0,78,1,0,0,1,0,0,0,0,1,0,0,1,0,0,1,1,0,0
254,737,39,0,3.1,227.0,3.75,121.0,1136.0,0,0,264.0,10.0,3.0,0,0,0,39,0,1,0,1,0,0,1,0,0,0,0,1,0,0,1,1,0,0
255,1735,35,0,0.7,193.0,3.85,35.0,466.0,0,0,156.0,10.3,3.0,0,0,0,35,1,0,0,0,1,0,1,0,0,0,0,1,0,0,1,1,0,0
256,1701,31,0,1.1,336.0,3.74,48.0,823.0,0,0,242.0,9.7,3.0,0,0,0,31,1,0,0,1,0,0,1,0,0,1,0,0,1,0,0,1,0,0
257,1614,58,0,0.5,280.0,4.23,36.0,377.0,0,0,227.0,10.6,2.0,0,0,0,58,1,0,0,1,0,0,1,0,0,1,0,0,1,0,0,1,0,0
258,1702,51,0,1.1,414.0,3.44,80.0,1003.0,0,0,271.0,9.6,1.0,0,0,0,51,1,0,0,1,0,0,1,0,0,1,0,0,1,0,0,1,0,0
259,1615,60,0,3.1,277.0,2.97,42.0,1110.0,0,0,221.0,9.8,3.0,0,0,0,60,1,0,0,0,1,0,1,0,0,0,0,1,1,0,0,1,0,0
260,1656,74,1,5.6,232.0,3.59,188.0,1120.0,0,0,248.0,10.9,4.0,0,0,0,74,1,0,0,0,1,0,1,0,0,0,0,1,1,0,0,1,0,0
261,1677,52,0,3.2,375.0,3.14,129.0,857.0,0,0,375.0,9.5,3.0,0,0,0,52,1,0,0,0,1,0,1,0,0,0,0,1,0,0,1,1,0,0
262,1666,42,0,2.8,322.0,3.06,65.0,2562.0,0,0,231.0,9.5,3.0,0,0,0,42,1,0,0,0,1,0,1,0,0,0,0,1,1,0,0,1,0,0
263,1301,34,0,1.1,432.0,3.57,45.0,1406.0,0,0,248.0,11.4,4.0,0,0,0,34,0,1,0,0,1,0,1,0,0,0,0,1,0,0,1,0,1,0
264,1542,44,0,3.4,356.0,3.12,188.0,1911.0,0,0,318.0,11.2,3.0,0,0,0,44,0,1,0,0,1,0,1,0,0,0,0,1,0,0,1,1,0,0
265,1084,46,0,3.5,348.0,3.2,121.0,938.0,0,0,296.0,10.0,4.0,0,0,0,46,0,1,0,0,1,0,1,0,0,0,0,1,1,0,0,1,0,0
266,1614,56,0,0.5,318.0,3.32,52.0,613.0,0,0,279.0,10.2,3.0,0,0,0,56,1,0,0,1,0,0,1,0,0,1,0,0,1,0,0,1,0,0
267,179,70,0,6.6,222.0,2.33,138.0,620.0,0,0,195.0,12.1,4.0,0,0,0,70,0,0,1,1,0,0,0,0,1,0,0,1,0,0,1,0,0,1
268,1191,55,0,6.4,344.0,2.75,16.0,834.0,0,0,149.0,11.0,4.0,0,0,0,55,0,0,1,1,0,0,0,0,1,0,0,1,1,0,0,0,1,0
269,1363,45,0,3.6,374.0,3.5,143.0,1428.0,0,0,151.0,10.1,2.0,0,0,0,45,1,0,0,0,1,0,1,0,0,1,0,0,1,0,0,1,0,0
270,1568,26,0,1.0,448.0,3.74,102.0,1128.0,0,0,228.0,10.2,3.0,0,0,0,26,1,0,0,1,0,0,1,0,0,0,0,1,0,0,1,1,0,0
271,1569,50,0,1.0,321.0,3.5,94.0,955.0,0,0,289.0,9.7,3.0,0,0,0,50,1,0,0,0,1,0,1,0,0,0,0,1,1,0,0,1,0,0
272,1525,38,0,0.5,226.0,2.93,22.0,674.0,0,0,153.0,9.8,1.0,0,0,0,38,1,0,0,1,0,0,1,0,0,1,0,0,1,0,0,1,0,0
273,1558,47,0,2.2,328.0,3.46,75.0,1677.0,0,0,202.0,9.6,3.0,0,0,0,47,1,0,0,0,1,0,1,0,0,1,0,0,0,0,1,1,0,0
274,1447,48,0,1.6,309.5,3.07,136.0,1995.0,0,0,372.0,9.6,4.0,0,0,0,48,0,1,0,1,0,0,1,0,0,1,0,0,1,0,0,1,0,0
275,1349,38,0,2.2,572.0,3.77,77.0,2520.0,0,0,309.0,9.5,4.0,0,0,0,38,1,0,0,1,0,0,1,0,0,1,0,0,1,0,0,1,0,0
276,1481,50,0,1.0,219.0,3.85,67.0,640.0,0,0,95.0,10.7,2.0,0,0,0,50,1,0,0,1,0,0,1,0,0,1,0,0,1,0,0,1,0,0
277,1434,35,0,1.0,317.0,3.56,44.0,1636.0,0,0,394.0,9.8,3.0,0,0,0,35,1,0,0,0,1,0,1,0,0,1,0,0,1,0,0,0,1,0
278,1420,32,0,5.6,338.0,3.7,130.0,2139.0,0,0,215.0,9.9,4.0,0,0,0,32,1,0,0,0,1,0,1,0,0,1,0,0,1,0,0,1,0,0
279,1433,56,0,0.5,198.0,3.77,38.0,911.0,0,0,280.0,9.8,2.0,0,0,0,56,1,0,0,0,1,0,1,0,0,1,0,0,1,0,0,1,0,0
280,1412,46,0,1.6,325.0,3.69,69.0,2583.0,0,0,284.0,9.6,3.0,0,0,0,46,1,0,0,1,0,0,1,0,0,1,0,0,1,0,0,1,0,0
281,41,65,0,17.9,175.0,2.1,220.0,705.0,0,0,62.0,12.9,4.0,0,0,0,65,0,0,1,1,0,0,0,0,1,1,0,0,1,0,0,0,0,1
282,1455,33,0,1.3,304.0,3.52,97.0,1622.0,0,0,255.0,9.5,4.0,0,0,0,33,1,0,0,0,1,0,1,0,0,0,0,1,1,0,0,1,0,0
283,1030,62,0,1.1,412.0,3.99,103.0,1293.0,0,0,422.0,9.6,4.0,0,0,0,62,1,0,0,0,1,0,1,0,0,1,0,0,1,0,0,1,0,0
284,1418,48,0,1.3,291.0,3.44,75.0,1082.0,0,0,251.0,9.5,3.0,0,0,0,48,1,0,0,0,1,0,1,0,0,1,0,0,1,0,0,1,0,0
285,1401,46,0,0.8,253.0,3.48,65.0,688.0,0,0,252.0,10.0,1.0,0,0,0,46,1,0,0,1,0,0,1,0,0,1,0,0,1,0,0,1,0,0
286,1408,38,0,2.0,310.0,3.36,70.0,1257.0,0,0,143.0,9.8,3.0,0,0,0,38,1,0,0,1,0,0,1,0,0,0,0,1,0,0,1,1,0,0
287,1234,58,0,6.4,373.0,3.46,155.0,1768.0,0,0,258.0,10.1,4.0,0,0,0,58,1,0,0,1,0,0,1,0,0,1,0,0,0,0,1,1,0,0
288,1067,48,0,8.7,310.0,3.89,107.0,637.0,0,0,298.0,9.6,2.0,0,0,0,48,0,1,0,0,1,0,1,0,0,0,0,1,1,0,0,0,1,0
289,799,67,1,4.0,416.0,3.99,177.0,960.0,0,0,269.0,9.8,2.0,0,0,0,67,0,0,1,1,0,0,1,0,0,0,0,1,1,0,0,0,1,0
290,1363,66,0,1.4,294.0,3.57,33.0,722.0,0,0,283.0,9.8,3.0,0,0,0,66,1,0,0,1,0,0,1,0,0,1,0,0,1,0,0,1,0,0
291,901,40,0,3.2,339.0,3.18,123.0,3336.0,0,0,304.0,9.9,4.0,0,0,0,40,0,1,0,1,0,0,1,0,0,1,0,0,1,0,0,1,0,0
292,1329,50,1,8.6,546.0,3.73,84.0,1070.0,0,0,291.0,11.2,3.0,0,0,0,50,1,0,0,0,1,0,1,0,0,0,0,1,1,0,0,1,0,0
293,1320,57,0,8.5,194.0,2.98,196.0,815.0,0,0,122.0,12.3,4.0,0,0,0,57,1,0,0,0,1,0,1,0,0,0,0,1,0,0,1,0,0,1
294,1302,60,1,6.6,1000.0,3.07,88.0,3150.0,0,0,299.0,10.9,4.0,0,0,0,60,1,0,0,1,0,0,1,0,0,0,0,1,1,0,0,1,0,0
295,877,35,1,2.4,646.0,3.83,102.0,855.0,0,0,306.0,10.3,3.0,0,0,0,35,0,1,0,1,0,0,1,0,0,1,0,0,1,0,0,1,0,0
296,1321,31,0,0.8,328.0,3.31,62.0,1105.0,0,0,293.0,10.9,4.0,0,0,0,31,1,0,0,0,1,0,1,0,0,1,0,0,1,0,0,1,0,0
297,533,56,1,1.2,275.0,3.43,100.0,1142.0,0,0,217.0,11.3,4.0,0,0,0,56,0,1,0,1,0,0,1,0,0,0,0,1,1,0,0,1,0,0
298,1300,52,0,1.1,340.0,3.37,73.0,289.0,0,0,243.0,10.2,3.0,0,0,0,52,1,0,0,0,1,0,1,0,0,0,0,1,1,0,0,1,0,0
299,1293,38,0,2.4,342.0,3.76,90.0,1653.0,0,0,213.0,10.8,3.0,0,0,0,38,1,0,0,1,0,0,1,0,0,1,0,0,1,0,0,1,0,0
300,207,58,0,5.2,309.5,2.23,234.0,601.0,0,0,206.0,12.3,4.0,0,0,0,58,0,0,1,0,1,0,1,0,0,0,0,1,1,0,0,1,0,0
301,1295,45,0,1.0,393.0,3.57,50.0,1307.0,0,0,295.0,10.5,4.0,0,0,0,45,1,0,0,0,1,0,1,0,0,1,0,0,1,0,0,1,0,0
302,1271,37,0,0.7,335.0,3.95,43.0,657.0,0,0,268.0,10.6,2.0,0,0,0,37,1,0,0,1,0,0,1,0,0,1,0,0,1,0,0,1,0,0
303,1250,60,0,1.0,372.0,3.25,108.0,1190.0,0,0,248.0,10.6,4.0,0,0,0,60,1,0,0,0,1,0,1,0,0,0,0,1,0,0,1,1,0,0
304,1230,35,0,0.5,219.0,3.93,22.0,663.0,0,0,246.0,10.8,3.0,0,0,0,35,1,0,0,1,0,0,1,0,0,1,0,0,1,0,0,1,0,0
305,1216,43,0,2.9,426.0,3.61,73.0,5184.0,0,0,275.0,10.6,3.0,0,0,0,43,1,0,0,0,1,0,1,0,0,0,0,1,0,0,1,1,0,0
306,1216,56,0,0.6,239.0,3.45,31.0,1072.0,0,0,227.0,10.7,2.0,0,0,0,56,1,0,0,0,1,0,1,0,0,0,0,1,1,0,0,1,0,0
307,1149,30,0,0.8,273.0,3.56,52.0,1282.0,0,0,344.0,10.5,2.0,0,0,0,30,1,0,0,0,1,0,1,0,0,1,0,0,1,0,0,1,0,0
308,1153,61,0,0.4,246.0,3.58,24.0,797.0,0,0,288.0,10.4,2.0,0,0,0,61,1,0,0,1,0,0,1,0,0,0,0,1,1,0,0,1,0,0
309,994,58,0,0.4,260.0,2.75,41.0,1166.0,0,0,231.0,10.8,2.0,0,0,0,58,1,0,0,0,1,0,1,0,0,1,0,0,1,0,0,1,0,0
310,939,62,0,1.7,434.0,3.35,39.0,1713.0,0,0,234.0,10.2,2.0,0,0,0,62,1,0,0,1,0,0,1,0,0,1,0,0,1,0,0,1,0,0
311,839,38,0,2.0,247.0,3.16,69.0,1050.0,0,0,335.0,10.5,2.0,0,0,0,38,1,0,0,1,0,0,1,0,0,1,0,0,1,0,0,1,0,0
312,788,33,0,6.4,576.0,3.79,186.0,2115.0,0,0,200.0,10.8,2.0,0,0,0,33,1,0,0,0,1,0,1,0,0,1,0,0,0,0,1,1,0,0
313,4062,60,0,0.7,309.5,3.65,73.0,1259.0,0,0,378.0,11.0,3.0,0,0,0,60,1,0,0,0,0,1,0,1,0,0,1,0,0,1,0,1,0,0
314,3561,65,0,1.4,309.5,3.04,73.0,1259.0,0,0,331.0,12.1,4.0,0,0,0,65,0,0,1,0,0,1,0,1,0,0,1,0,0,1,0,0,1,0
315,2844,54,0,0.7,309.5,4.03,73.0,1259.0,0,0,226.0,9.8,4.0,0,0,0,54,1,0,0,0,0,1,0,1,0,0,1,0,0,1,0,1,0,0
316,2071,75,0,0.7,309.5,3.96,73.0,1259.0,0,0,1259.0,11.3,4.0,0,0,0,75,0,0,1,0,0,1,0,1,0,0,1,0,0,1,0,0,1,0
317,3030,62,0,0.8,309.5,2.48,73.0,1259.0,0,0,273.0,10.0,3.0,0,0,0,62,1,0,0,0,0,1,0,1,0,0,1,0,0,1,0,1,0,0
318,1680,43,0,0.7,309.5,3.68,73.0,1259.0,0,0,306.0,9.5,2.0,0,0,0,43,1,0,0,0,0,1,0,1,0,0,1,0,0,1,0,1,0,0
319,41,46,0,5.0,309.5,2.93,73.0,1259.0,0,0,260.0,10.4,3.0,0,0,0,46,0,0,1,0,0,1,0,1,0,0,1,0,0,1,0,1,0,0
320,2403,44,0,0.4,309.5,3.81,73.0,1259.0,0,0,226.0,10.5,3.0,0,0,0,44,1,0,0,0,0,1,0,1,0,0,1,0,0,1,0,0,1,0
321,1170,61,1,1.3,309.5,3.41,73.0,1259.0,0,0,259.0,10.9,4.0,0,0,0,61,1,0,0,0,0,1,0,1,0,0,1,0,0,1,0,0,1,0
322,2011,64,0,1.1,309.5,3.69,73.0,1259.0,0,0,139.0,10.5,3.0,0,0,0,64,0,0,1,0,0,1,0,1,0,0,1,0,0,1,0,1,0,0
323,3523,40,0,0.6,309.5,4.04,73.0,1259.0,0,0,130.0,11.2,2.0,0,0,0,40,1,0,0,0,0,1,0,1,0,0,1,0,0,1,0,1,0,0
324,3468,63,0,0.6,309.5,3.94,73.0,1259.0,0,0,234.0,11.5,2.0,0,0,0,63,1,0,0,0,0,1,0,1,0,0,1,0,0,1,0,1,0,0
325,4795,34,0,1.8,309.5,3.24,73.0,1259.0,0,0,1259.0,18.0,2.0,0,0,0,34,1,0,0,0,0,1,0,1,0,0,1,0,0,1,0,1,0,0
326,1236,52,0,1.5,309.5,3.42,73.0,1259.0,0,0,246.0,10.3,3.0,0,0,0,52,1,0,0,0,0,1,0,1,0,0,1,0,0,1,0,1,0,0
327,4214,49,0,1.2,309.5,3.99,73.0,1259.0,0,0,1259.0,11.2,2.0,0,0,0,49,1,0,0,0,0,1,0,1,0,0,1,0,0,1,0,1,0,0
328,2111,54,0,1.0,309.5,3.6,73.0,1259.0,0,0,1259.0,12.1,2.0,0,0,0,54,0,0,1,0,0,1,0,1,0,0,1,0,0,1,0,1,0,0
329,1462,63,0,0.7,309.5,3.4,73.0,1259.0,0,0,371.0,10.1,4.0,0,0,0,63,0,0,1,0,0,1,0,1,0,0,1,0,0,1,0,1,0,0
330,1746,54,1,3.5,309.5,3.63,73.0,1259.0,0,0,325.0,10.3,2.0,0,0,0,54,0,0,1,0,0,1,0,1,0,0,1,0,0,1,0,1,0,0
331,94,46,0,3.1,309.5,3.56,73.0,1259.0,0,0,142.0,13.6,4.0,0,0,0,46,0,0,1,0,0,1,0,1,0,0,1,0,0,1,0,0,1,0
332,785,53,0,12.6,309.5,2.87,73.0,1259.0,0,0,114.0,11.8,4.0,0,0,0,53,0,0,1,0,0,1,0,1,0,0,1,0,0,1,0,1,0,0
333,1518,56,0,2.8,309.5,3.92,73.0,1259.0,0,0,1259.0,10.6,4.0,0,0,0,56,0,0,1,0,0,1,0,1,0,0,1,0,0,1,0,1,0,0
334,466,56,0,7.1,309.5,3.51,73.0,1259.0,0,0,721.0,11.8,3.0,0,0,0,56,0,0,1,0,0,1,0,1,0,0,1,0,0,1,0,1,0,0
335,3527,55,0,0.6,309.5,4.15,73.0,1259.0,0,0,280.0,10.1,2.0,0,0,0,55,1,0,0,0,0,1,0,1,0,0,1,0,0,1,0,1,0,0
336,2635,65,0,2.1,309.5,3.34,73.0,1259.0,0,0,155.0,10.1,4.0,0,0,0,65,1,0,0,0,0,1,0,1,0,0,1,0,0,1,0,1,0,0
337,2286,56,0,1.8,309.5,3.64,73.0,1259.0,0,0,141.0,10.0,3.0,0,0,0,56,0,0,1,0,0,1,0,1,0,0,1,0,0,1,0,1,0,0
338,791,47,0,16.0,309.5,3.42,73.0,1259.0,0,0,475.0,13.8,2.0,0,0,0,47,0,0,1,0,0,1,0,1,0,0,1,0,0,1,0,1,0,0
339,3492,60,0,0.6,309.5,4.38,73.0,1259.0,0,0,269.0,10.6,2.0,0,0,0,60,1,0,0,0,0,1,0,1,0,0,1,0,0,1,0,1,0,0
340,3495,53,0,5.4,309.5,4.19,73.0,1259.0,0,0,141.0,11.2,2.0,0,0,0,53,1,0,0,0,0,1,0,1,0,0,1,0,0,1,0,1,0,0
341,111,54,0,9.0,309.5,3.29,73.0,1259.0,0,0,286.0,13.1,4.0,0,0,0,54,0,0,1,0,0,1,0,1,0,0,1,0,0,1,0,1,0,0
342,3231,50,0,0.9,309.5,4.01,73.0,1259.0,0,0,244.0,10.5,3.0,0,0,0,50,1,0,0,0,0,1,0,1,0,0,1,0,0,1,0,1,0,0
343,625,48,0,11.1,309.5,2.84,73.0,1259.0,0,0,1259.0,12.2,2.0,0,0,0,48,0,0,1,0,0,1,0,1,0,0,1,0,0,1,0,1,0,0
344,3157,36,0,8.9,309.5,3.76,73.0,1259.0,0,0,209.0,10.6,3.0,0,0,0,36,1,0,0,0,0,1,0,1,0,0,1,0,0,1,0,1,0,0
345,3021,48,0,0.5,309.5,3.76,73.0,1259.0,0,0,388.0,10.1,2.0,0,0,0,48,0,1,0,0,0,1,0,1,0,0,1,0,0,1,0,1,0,0
346,559,70,0,0.6,309.5,3.81,73.0,1259.0,0,0,160.0,11.0,4.0,0,0,0,70,0,0,1,0,0,1,0,1,0,0,1,0,0,1,0,0,1,0
347,2812,51,0,3.4,309.5,3.92,73.0,1259.0,0,0,1259.0,9.3,2.0,0,0,0,51,0,0,1,0,0,1,0,1,0,0,1,0,0,1,0,1,0,0
348,2834,52,1,0.9,309.5,3.14,73.0,1259.0,0,0,191.0,12.3,2.0,0,0,0,52,1,0,0,0,0,1,0,1,0,0,1,0,0,1,0,1,0,0
349,2855,54,0,1.4,309.5,3.82,73.0,1259.0,0,0,249.0,10.3,2.0,0,0,0,54,1,0,0,0,0,1,0,1,0,0,1,0,0,1,0,1,0,0
350,662,48,0,2.1,309.5,4.1,73.0,1259.0,0,0,200.0,9.0,3.0,0,0,0,48,0,0,1,0,0,1,0,1,0,0,1,0,0,1,0,1,0,0
351,727,66,0,15.0,309.5,3.4,73.0,1259.0,0,0,150.0,11.1,4.0,0,0,0,66,0,0,1,0,0,1,0,1,0,0,1,0,0,1,0,1,0,0
352,2716,53,0,0.6,309.5,4.19,73.0,1259.0,0,0,330.0,9.9,1.0,0,0,0,53,1,0,0,0,0,1,0,1,0,0,1,0,0,1,0,1,0,0
353,2698,62,0,1.3,309.5,3.4,73.0,1259.0,0,0,167.0,10.6,4.0,0,0,0,62,1,0,0,0,0,1,0,1,0,0,1,0,0,1,0,1,0,0
354,990,59,0,1.3,309.5,3.12,73.0,1259.0,0,0,125.0,9.6,2.0,0,0,0,59,0,0,1,0,0,1,0,1,0,0,1,0,0,1,0,1,0,0
355,2338,39,0,1.6,309.5,3.75,73.0,1259.0,0,0,145.0,10.4,3.0,0,0,0,39,1,0,0,0,0,1,0,1,0,0,1,0,0,1,0,1,0,0
356,1616,67,0,2.2,309.5,3.26,73.0,1259.0,0,0,171.0,11.1,4.0,0,0,0,67,0,0,1,0,0,1,0,1,0,0,1,0,0,1,0,0,1,0
357,2563,58,0,3.0,309.5,3.46,73.0,1259.0,0,0,109.0,10.4,4.0,0,0,0,58,1,0,0,0,0,1,0,1,0,0,1,0,0,1,0,1,0,0
358,2537,64,0,0.8,309.5,3.49,73.0,1259.0,0,0,314.0,10.3,3.0,0,0,0,64,1,0,0,0,0,1,0,1,0,0,1,0,0,1,0,1,0,0
359,2534,46,0,0.8,309.5,2.89,73.0,1259.0,0,0,419.0,10.6,1.0,0,0,0,46,1,0,0,0,0,1,0,1,0,0,1,0,0,1,0,1,0,0
360,778,64,0,1.8,309.5,3.15,73.0,1259.0,0,0,183.0,10.4,4.0,0,0,0,64,0,0,1,0,0,1,0,1,0,0,1,0,0,1,0,1,0,0
361,617,41,0,5.5,309.5,2.31,73.0,1259.0,0,0,517.0,10.4,4.0,0,0,0,41,0,1,0,0,0,1,0,1,0,0,1,0,0,1,0,1,0,0
362,2267,49,0,18.0,309.5,3.04,73.0,1259.0,0,0,432.0,9.7,2.0,0,0,0,49,0,1,0,0,0,1,0,1,0,0,1,0,0,1,0,1,0,0
363,2249,44,0,0.6,309.5,3.5,73.0,1259.0,0,0,150.0,9.9,3.0,0,0,0,44,1,0,0,0,0,1,0,1,0,0,1,0,0,1,0,1,0,0
364,359,59,0,2.7,309.5,3.35,73.0,1259.0,0,0,142.0,11.5,4.0,0,0,0,59,0,0,1,0,0,1,0,1,0,0,1,0,0,1,0,1,0,0
365,1925,63,0,0.9,309.5,3.58,73.0,1259.0,0,0,224.0,10.0,3.0,0,0,0,63,1,0,0,0,0,1,0,1,0,0,1,0,0,1,0,1,0,0
366,249,61,0,1.3,309.5,3.01,73.0,1259.0,0,0,223.0,10.7,3.0,0,0,0,61,0,0,1,0,0,1,0,1,0,0,1,0,0,1,0,1,0,0
367,2202,64,0,1.1,309.5,3.49,73.0,1259.0,0,0,166.0,9.8,3.0,0,0,0,64,1,0,0,0,0,1,0,1,0,0,1,0,0,1,0,1,0,0
368,43,49,0,13.8,309.5,2.77,73.0,1259.0,0,0,388.0,10.6,4.0,0,0,0,49,0,0,1,0,0,1,0,1,0,0,1,0,0,1,0,1,0,0
369,1197,42,0,4.4,309.5,4.52,73.0,1259.0,0,0,102.0,10.8,4.0,0,0,0,42,0,0,1,0,0,1,0,1,0,0,1,0,0,1,0,1,0,0
370,1095,50,0,16.0,309.5,3.36,73.0,1259.0,0,0,384.0,10.0,3.0,0,0,0,50,0,0,1,0,0,1,0,1,0,0,1,0,0,1,0,1,0,0
371,489,51,0,7.3,309.5,3.52,73.0,1259.0,0,0,265.0,11.1,1.0,0,0,0,51,0,0,1,0,0,1,0,1,0,0,1,0,0,1,0,0,1,0
372,2149,37,0,0.6,309.5,3.55,73.0,1259.0,0,0,248.0,10.3,2.0,0,0,0,37,1,0,0,0,0,1,0,1,0,0,1,0,0,1,0,1,0,0
373,2103,62,0,0.7,309.5,3.29,73.0,1259.0,0,0,190.0,9.8,2.0,0,0,0,62,1,0,0,0,0,1,0,1,0,0,1,0,0,1,0,1,0,0
374,1980,51,0,0.7,309.5,3.1,73.0,1259.0,0,0,274.0,10.6,3.0,0,0,0,51,1,0,0,0,0,1,0,1,0,0,1,0,0,1,0,1,0,0
375,1347,52,0,1.7,309.5,3.24,73.0,1259.0,0,0,231.0,10.5,3.0,0,0,0,52,0,1,0,0,0,1,0,1,0,0,1,0,0,1,0,1,0,0
376,1478,44,1,9.5,309.5,3.63,73.0,1259.0,0,0,292.0,10.2,3.0,0,0,0,44,0,0,1,0,0,1,0,1,0,0,1,0,0,1,0,1,0,0
377,1987,33,0,2.2,309.5,3.76,73.0,1259.0,0,0,253.0,9.9,3.0,0,0,0,33,1,0,0,0,0,1,0,1,0,0,1,0,0,1,0,1,0,0
378,1168,60,0,1.8,309.5,3.62,73.0,1259.0,0,0,225.0,9.9,2.0,0,0,0,60,0,0,1,0,0,1,0,1,0,0,1,0,0,1,0,0,1,0
379,597,63,0,3.3,309.5,2.73,73.0,1259.0,0,0,224.0,11.1,4.0,0,0,0,63,0,0,1,0,0,1,0,1,0,0,1,0,0,1,0,0,1,0
380,1725,33,0,2.9,309.5,4.08,73.0,1259.0,0,0,418.0,10.5,3.0,0,0,0,33,0,1,0,0,0,1,0,1,0,0,1,0,0,1,0,1,0,0
381,1899,41,1,1.7,309.5,3.66,73.0,1259.0,0,0,92.0,11.0,4.0,0,0,0,41,1,0,0,0,0,1,0,1,0,0,1,0,0,1,0,1,0,0
382,221,51,0,14.0,309.5,2.58,73.0,1259.0,0,0,190.0,11.6,4.0,0,0,0,51,0,0,1,0,0,1,0,1,0,0,1,0,0,1,0,1,0,0
383,1022,37,0,0.8,309.5,3.0,73.0,1259.0,0,0,76.0,10.8,4.0,0,0,0,37,0,1,0,0,0,1,0,1,0,0,1,0,0,1,0,0,1,0
384,1639,59,0,1.3,309.5,3.4,73.0,1259.0,0,0,243.0,9.7,1.0,0,0,0,59,1,0,0,0,0,1,0,1,0,0,1,0,0,1,0,1,0,0
385,1635,55,0,0.7,309.5,2.93,73.0,1259.0,0,0,209.0,10.6,3.0,0,0,0,55,1,0,0,0,0,1,0,1,0,0,1,0,0,1,0,1,0,0
386,1654,54,1,1.7,309.5,2.38,73.0,1259.0,0,0,166.0,9.8,3.0,0,0,0,54,1,0,0,0,0,1,0,1,0,0,1,0,0,1,0,1,0,0
387,1653,49,0,13.6,309.5,3.0,73.0,1259.0,0,0,233.0,9.9,3.0,0,0,0,49,1,0,0,0,0,1,0,1,0,0,1,0,0,1,0,0,1,0
388,1560,40,0,0.9,309.5,3.5,73.0,1259.0,0,0,117.0,10.9,4.0,0,0,0,40,1,0,0,0,0,1,0,1,0,0,1,0,0,1,0,1,0,0
389,1581,67,0,0.7,309.5,3.06,73.0,1259.0,0,0,165.0,10.0,4.0,0,0,0,67,1,0,0,0,0,1,0,1,0,0,1,0,0,1,0,1,0,0
390,1419,68,1,3.0,309.5,3.15,73.0,1259.0,0,0,139.0,10.0,3.0,0,0,0,68,1,0,0,0,0,1,0,1,0,0,1,0,0,1,0,1,0,0
391,1443,41,0,1.2,309.5,2.8,73.0,1259.0,0,0,120.0,11.0,2.0,0,0,0,41,1,0,0,0,0,1,0,1,0,0,1,0,0,1,0,1,0,0
392,1368,69,0,0.4,309.5,3.03,73.0,1259.0,0,0,173.0,10.9,3.0,0,0,0,69,1,0,0,0,0,1,0,1,0,0,1,0,0,1,0,1,0,0
393,193,52,0,0.7,309.5,2.96,73.0,1259.0,0,0,319.0,9.9,4.0,0,0,0,52,0,0,1,0,0,1,0,1,0,0,1,0,0,1,0,0,1,0
394,1367,57,0,2.0,309.5,3.07,73.0,1259.0,0,0,80.0,12.1,4.0,0,0,0,57,1,0,0,0,0,1,0,1,0,0,1,0,0,1,0,0,1,0
395,1329,36,0,1.4,309.5,3.98,73.0,1259.0,0,0,402.0,11.0,1.0,0,0,0,36,1,0,0,0,0,1,0,1,0,0,1,0,0,1,0,1,0,0
396,1343,50,0,1.6,309.5,3.48,73.0,1259.0,0,0,277.0,10.2,2.0,0,0,0,50,1,0,0,0,0,1,0,1,0,0,1,0,0,1,0,1,0,0
397,1328,64,0,0.5,309.5,3.65,73.0,1259.0,0,0,425.0,10.2,4.0,0,0,0,64,1,0,0,0,0,1,0,1,0,0,1,0,0,1,0,1,0,0
398,1375,62,0,7.3,309.5,3.49,73.0,1259.0,0,0,189.0,10.9,4.0,0,0,0,62,1,0,0,0,0,1,0,1,0,0,1,0,0,1,0,1,0,0
399,1260,42,0,8.1,309.5,2.82,73.0,1259.0,0,0,193.0,10.4,2.0,0,0,0,42,1,0,0,0,0,1,0,1,0,0,1,0,0,1,0,1,0,0
400,1223,44,0,0.5,309.5,3.34,73.0,1259.0,0,0,258.0,10.6,2.0,0,0,0,44,1,0,0,0,0,1,0,1,0,0,1,0,0,1,0,1,0,0
401,935,69,0,4.2,309.5,3.19,73.0,1259.0,0,0,120.0,11.1,4.0,0,0,0,69,0,0,1,0,0,1,0,1,0,0,1,0,0,1,0,1,0,0
402,943,52,0,0.8,309.5,3.01,73.0,1259.0,0,0,256.0,10.6,3.0,0,0,0,52,1,0,0,0,0,1,0,1,0,0,1,0,0,1,0,1,0,0
403,1141,66,0,2.5,309.5,3.33,73.0,1259.0,0,0,256.0,10.8,4.0,0,0,0,66,1,0,0,0,0,1,0,1,0,0,1,0,0,1,0,1,0,0
404,1092,40,0,4.6,309.5,3.6,73.0,1259.0,0,0,337.0,10.4,3.0,0,0,0,40,1,0,0,0,0,1,0,1,0,0,1,0,0,1,0,1,0,0
405,1150,52,0,1.0,309.5,3.64,73.0,1259.0,0,0,340.0,10.6,3.0,0,0,0,52,1,0,0,0,0,1,0,1,0,0,1,0,0,1,0,1,0,0
406,703,46,0,4.5,309.5,2.68,73.0,1259.0,0,0,219.0,11.5,4.0,0,0,0,46,0,0,1,0,0,1,0,1,0,0,1,0,0,1,0,1,0,0
407,1129,54,1,1.1,309.5,3.69,73.0,1259.0,0,0,220.0,10.8,3.0,0,0,0,54,1,0,0,0,0,1,0,1,0,0,1,0,0,1,0,1,0,0
408,1086,51,0,1.9,309.5,3.17,73.0,1259.0,0,0,162.0,10.7,3.0,0,0,0,51,1,0,0,0,0,1,0,1,0,0,1,0,0,1,0,0,1,0
409,1067,43,0,0.7,309.5,3.73,73.0,1259.0,0,0,214.0,10.8,3.0,0,0,0,43,1,0,0,0,0,1,0,1,0,0,1,0,0,1,0,1,0,0
410,1072,39,0,1.5,309.5,3.81,73.0,1259.0,0,0,255.0,10.8,3.0,0,0,0,39,1,0,0,0,0,1,0,1,0,0,1,0,0,1,0,1,0,0
411,1119,51,0,0.6,309.5,3.57,73.0,1259.0,0,0,286.0,10.6,3.0,0,0,0,51,1,0,0,0,0,1,0,1,0,0,1,0,0,1,0,1,0,0
412,1097,67,0,1.0,309.5,3.58,73.0,1259.0,0,0,244.0,10.8,3.0,0,0,0,67,1,0,0,0,0,1,0,1,0,0,1,0,0,1,0,1,0,0
413,989,35,0,0.7,309.5,3.23,73.0,1259.0,0,0,312.0,10.8,3.0,0,0,0,35,1,0,0,0,0,1,0,1,0,0,1,0,0,1,0,1,0,0
414,681,67,0,1.2,309.5,2.96,73.0,1259.0,0,0,174.0,10.9,3.0,0,0,0,67,0,0,1,0,0,1,0,1,0,0,1,0,0,1,0,1,0,0
415,1103,39,0,0.9,309.5,3.83,73.0,1259.0,0,0,180.0,11.2,4.0,0,0,0,39,1,0,0,0,0,1,0,1,0,0,1,0,0,1,0,1,0,0
416,1055,57,0,1.6,309.5,3.42,73.0,1259.0,0,0,143.0,9.9,3.0,0,0,0,57,1,0,0,0,0,1,0,1,0,0,1,0,0,1,0,1,0,0
417,691,58,0,0.8,309.5,3.75,73.0,1259.0,0,0,269.0,10.4,3.0,0,0,0,58,1,0,0,0,0,1,0,1,0,0,1,0,0,1,0,1,0,0
418,976,53,0,0.7,309.5,3.29,73.0,1259.0,0,0,350.0,10.6,4.0,0,0,0,53,1,0,0,0,0,1,0,1,0,0,1,0,0,1,0,1,0,0
